rat,operator,speed_bucket,file,mean,median,std,count
5G,Iliad/Wind,inside,5G/location_1_is_interactivity_egaming_ch_iw_tti_0.csv,0.3048448732189172,0.28018073940135557,0.11828407038930985,32315
5G,Iliad/Wind,inside,5G/location_1_is_interactivity_egaming_ch_iw_tti_lte_only_0.csv,0.3141961237161437,0.2890253173521928,0.12318849560357893,23753
5G,Iliad/Wind,inside,5G/location_1_is_interactivity_egaming_it_iw_tti_lte_only_0.csv,0.32735411352720345,0.2965571285399356,0.1183239258645657,41106
5G,Iliad/Wind,inside,5G/location_1_is_interactivity_egaming_se_iw_tti_lte_only_0.csv,0.3212353225339538,0.2916683028814652,0.11801955422964136,49939
5G,Iliad/Wind,inside,5G/location_2_is_interactivity_egaming_ch_iw_tti_0.csv,0.48356469816609815,0.4615932290700011,0.1871905374630718,39522
5G,Iliad/Wind,inside,5G/location_2_is_interactivity_egaming_ch_iw_tti_lte_only_0.csv,0.37895676817608115,0.34163331818992987,0.16010950948041397,55013
5G,Iliad/Wind,inside,5G/location_2_is_interactivity_egaming_it_iw_tti_0.csv,0.4927705745712455,0.46999217591996134,0.18518311107587532,32767
5G,Iliad/Wind,inside,5G/location_2_is_interactivity_egaming_it_iw_tti_lte_only_0.csv,0.38689959339742264,0.3520307752751979,0.16445470805529502,32933
5G,Iliad/Wind,inside,5G/location_2_is_interactivity_egaming_se_iw_tti_0.csv,0.49193987353012397,0.4625094516216028,0.18601961901065495,35611
5G,Iliad/Wind,inside,5G/location_2_is_interactivity_egaming_se_iw_tti_lte_only_0.csv,0.38716665825635493,0.3533542107652453,0.16712002152699523,40322
5G,Iliad/Wind,inside,5G/location_8_is_interactivity_egaming_ch_iw_tti_0.csv,0.42146131421008964,0.3974618806540848,0.14449772054073248,30029
5G,Iliad/Wind,inside,5G/location_8_is_interactivity_egaming_ch_iw_tti_lte_only_0.csv,0.3851983503872044,0.38859072426300173,0.12988736972897422,34750
5G,Iliad/Wind,inside,5G/location_8_is_interactivity_egaming_it_iw_tti_0.csv,0.44288751401943355,0.451975036931262,0.14003646477676457,29562
5G,Iliad/Wind,inside,5G/location_8_is_interactivity_egaming_it_iw_tti_lte_only_0.csv,0.41318941719759594,0.4169629977966928,0.12229172431840478,32674
5G,Iliad/Wind,inside,5G/location_8_is_interactivity_egaming_se_iw_tti_0.csv,0.4284603457669192,0.421211687035209,0.14509298596158168,29681
5G,Iliad/Wind,inside,5G/location_8_is_interactivity_egaming_se_iw_tti_lte_only_0.csv,0.41324608643218996,0.41165941960351865,0.12025518104607374,40311
5G,Iliad/Wind,od_fast,5G/location_7_od_interactivity_egaming_ch_iw_tti_0.csv,0.4961591126839462,0.48708683695121374,0.15989082080473616,21686
5G,Iliad/Wind,od_fast,5G/location_7_od_interactivity_egaming_it_iw_tti_0.csv,0.4903152247133002,0.48251020099579217,0.1614899725639441,20182
5G,Iliad/Wind,od_fast,5G/location_7_od_interactivity_egaming_se_iw_tti_0.csv,0.48537922119476,0.47716830789995235,0.16206449673338486,18559
5G,Iliad/Wind,od_fast,5G/location_7_od_interactivity_egaming_se_tti_0.csv,0.5368846659457309,0.5372916314778513,0.1716266548247461,15925
5G,Iliad/Wind,od_fast,5G/location_7_od_interactivity_egaming_se_tti_1.csv,0.5369968205043154,0.5365391566605334,0.17401900265945605,17987
5G,Iliad/Wind,od_fast,5G/location_9_od_interactivity_egaming_ch_iw_tti_0.csv,0.44385524904535734,0.41939021866385806,0.16161177770247737,31097
5G,Iliad/Wind,od_fast,5G/location_9_od_interactivity_egaming_ch_iw_tti_lte_only_0.csv,0.4230610232863363,0.3976125236699699,0.16666191267948757,27048
5G,Iliad/Wind,od_fast,5G/location_9_od_interactivity_egaming_it_iw_tti_0.csv,0.41984090827960546,0.3944509585100751,0.16650409607696562,32451
5G,Iliad/Wind,od_fast,5G/location_9_od_interactivity_egaming_it_iw_tti_lte_only_0.csv,0.4327101395986463,0.4084814853792506,0.1620628015630011,29095
5G,Iliad/Wind,od_fast,5G/location_9_od_interactivity_egaming_se_iw_tti_0.csv,0.4160971041360558,0.39076777153318987,0.16409585322923798,30430
5G,Iliad/Wind,od_fast,5G/location_9_od_interactivity_egaming_se_iw_tti_lte_only_0.csv,0.4336307819680651,0.4093891292884489,0.16225685680956548,27844
5G,Iliad/Wind,od_quasi_static,5G/location_7_od_interactivity_egaming_ch_iw_tti_0.csv,0.46408969604187467,0.44846523221665907,0.15485925870055622,26620
5G,Iliad/Wind,od_quasi_static,5G/location_7_od_interactivity_egaming_it_iw_tti_0.csv,0.4665616712285339,0.4473972673010588,0.15929212193408157,29922
5G,Iliad/Wind,od_quasi_static,5G/location_7_od_interactivity_egaming_se_iw_tti_0.csv,0.4355618508995183,0.4160532185203271,0.15087176420376885,20548
5G,Iliad/Wind,od_quasi_static,5G/location_7_od_interactivity_egaming_se_tti_0.csv,0.4589520439974099,0.44556675979434457,0.15600361476588895,20447
5G,Iliad/Wind,od_quasi_static,5G/location_7_od_interactivity_egaming_se_tti_1.csv,0.4769154551455413,0.46373110740604473,0.1684403223249271,16838
5G,Iliad/Wind,od_quasi_static,5G/location_9_od_interactivity_egaming_ch_iw_tti_0.csv,0.43949820724929994,0.425693064245665,0.14994679286788326,3926
5G,Iliad/Wind,od_quasi_static,5G/location_9_od_interactivity_egaming_ch_iw_tti_lte_only_0.csv,0.4522668663542368,0.4320052161173996,0.1795916108365417,8002
5G,Iliad/Wind,od_quasi_static,5G/location_9_od_interactivity_egaming_it_iw_tti_0.csv,0.4439318854505731,0.4425930492224478,0.16080478966755274,4474
5G,Iliad/Wind,od_quasi_static,5G/location_9_od_interactivity_egaming_it_iw_tti_lte_only_0.csv,0.4591102120578075,0.44472790779966065,0.1754404046442325,6254
5G,Iliad/Wind,od_quasi_static,5G/location_9_od_interactivity_egaming_se_iw_tti_0.csv,0.43748003511681677,0.4221227473187551,0.1584204287978836,6903
5G,Iliad/Wind,od_quasi_static,5G/location_9_od_interactivity_egaming_se_iw_tti_lte_only_0.csv,0.45778147372466443,0.4442703882704384,0.17690530207133737,6978
5G,Iliad/Wind,od_slow,5G/location_7_od_interactivity_egaming_ch_iw_tti_0.csv,0.4798533653904958,0.4680069890124096,0.1564600256302104,1496
5G,Iliad/Wind,od_slow,5G/location_7_od_interactivity_egaming_it_iw_tti_0.csv,0.481574135204059,0.46915229750973164,0.160096071350684,1220
5G,Iliad/Wind,od_slow,5G/location_7_od_interactivity_egaming_se_iw_tti_0.csv,0.4418322024078757,0.4227302415702727,0.15015491085828853,2364
5G,Iliad/Wind,od_slow,5G/location_7_od_interactivity_egaming_se_tti_0.csv,0.4849070924070285,0.47671033334985846,0.16359974166851032,3300
5G,Iliad/Wind,od_slow,5G/location_7_od_interactivity_egaming_se_tti_1.csv,0.5260748607337923,0.5169756172043107,0.17032839974360567,1944
5G,Iliad/Wind,od_slow,5G/location_9_od_interactivity_egaming_ch_iw_tti_0.csv,0.46812563714579575,0.4615932290700011,0.15915462346111814,2129
5G,Iliad/Wind,od_slow,5G/location_9_od_interactivity_egaming_ch_iw_tti_lte_only_0.csv,0.46868339968878875,0.443355431781764,0.19314361836374605,3280
5G,Iliad/Wind,od_slow,5G/location_9_od_interactivity_egaming_it_iw_tti_0.csv,0.46291691714919714,0.45953181368616447,0.17601461447045613,2306
5G,Iliad/Wind,od_slow,5G/location_9_od_interactivity_egaming_it_iw_tti_lte_only_0.csv,0.4644704429162929,0.45449357098703613,0.17326899106634977,2312
5G,Iliad/Wind,od_slow,5G/location_9_od_interactivity_egaming_se_iw_tti_0.csv,0.4476480324783558,0.43063560042296456,0.18035554580676216,1844
5G,Iliad/Wind,od_slow,5G/location_9_od_interactivity_egaming_se_iw_tti_lte_only_0.csv,0.4783525353764236,0.47785524403444213,0.17363150852491924,2346
5G,TIM/Vodafone,inside,5G/location_11_is_interactivity_egaming_ch_tv_tti_1.csv,0.4628482393655563,0.44289798983137696,0.18563935577549448,21192
5G,TIM/Vodafone,inside,5G/location_11_is_interactivity_egaming_ch_tv_tti_2.csv,0.4762474326520896,0.46647988905558635,0.18140909398318764,22476
5G,TIM/Vodafone,inside,5G/location_11_is_interactivity_egaming_ch_tv_tti_3.csv,0.478231800873872,0.4751836611127831,0.18287794121825157,25772
5G,TIM/Vodafone,inside,5G/location_12_is_interactivity_egaming_ch_tv_tti_1.csv,0.38087948055967746,0.3508553923435212,0.15861969185037134,29516
5G,TIM/Vodafone,inside,5G/location_12_is_interactivity_egaming_ch_tv_tti_2.csv,0.36329179818537155,0.34061248509212066,0.15148516634894274,25437
5G,TIM/Vodafone,inside,5G/location_12_is_interactivity_egaming_ch_tv_tti_3.csv,0.37283337391813326,0.34557810939884015,0.14881438467872787,17252
5G,TIM/Vodafone,inside,5G/location_13_is_interactivity_egaming_ch_tv_tti_0.csv,0.4260103799049492,0.42660512306592824,0.16595321002615918,30468
5G,TIM/Vodafone,inside,5G/location_13_is_interactivity_egaming_ch_tv_tti_1.csv,0.4205666303049143,0.4196937352665969,0.16627780361624242,27506
5G,TIM/Vodafone,inside,5G/location_15_is_interactivity_egaming_ch_tv_tti_0.csv,0.23935926793014284,0.22216250109665753,0.07861937406672403,11421
5G,TIM/Vodafone,inside,5G/location_15_is_interactivity_egaming_ch_tv_tti_1.csv,0.24865217907337997,0.23494643037354696,0.07690106320164214,5095
5G,TIM/Vodafone,inside,5G/location_1_is_interactivity_egaming_ch_tv_tti_88.csv,0.3433543786094701,0.2969773721159656,0.1592833580093715,62892
5G,TIM/Vodafone,inside,5G/location_1_is_interactivity_egaming_ch_tv_tti_99.csv,0.3415550598969323,0.29795867073823906,0.15686067136704326,108252
5G,TIM/Vodafone,inside,5G/location_1_is_interactivity_egaming_it_tv_tti_1.csv,0.3458973531811969,0.3006273151740828,0.15267237052963184,9520
5G,TIM/Vodafone,inside,5G/location_1_is_interactivity_egaming_it_tv_tti_2.csv,0.31955075371033326,0.27510933915179914,0.14038633625582364,97950
5G,TIM/Vodafone,inside,5G/location_1_is_interactivity_egaming_it_tv_tti_3.csv,0.32177041346909174,0.27839534815853406,0.13843452333509793,55044
5G,TIM/Vodafone,inside,5G/location_1_is_interactivity_egaming_it_tv_tti_lte_only_1.csv,0.33698309890312306,0.28791481704880856,0.14343209755138292,60838
5G,TIM/Vodafone,inside,5G/location_1_is_interactivity_egaming_it_tv_tti_lte_only_2.csv,0.3382361897752495,0.28749873852812113,0.15001408664570925,45371
5G,TIM/Vodafone,inside,5G/location_1_is_interactivity_egaming_se_tv_tti_lte_only_11.csv,0.37480509485636654,0.3326195970354567,0.15009711640380644,53801
5G,TIM/Vodafone,inside,5G/location_1_is_interactivity_egaming_se_tv_tti_lte_only_22.csv,0.3833669539516728,0.34484672781429243,0.14680960157889844,57841
5G,TIM/Vodafone,inside,5G/location_1_is_interactivity_egaming_se_tv_tti_lte_only_33.csv,0.3643600062394815,0.32324011600434827,0.14726023271543534,75837
5G,TIM/Vodafone,inside,5G/location_1_is_interactivity_egaming_se_tv_tti_lte_only_44.csv,0.3672077117797568,0.3269829822593156,0.14696399950533137,52241
5G,TIM/Vodafone,inside,5G/location_1_is_interactivity_egaming_se_tv_tti_lte_only_55.csv,0.37560460391163836,0.33595596597381855,0.14686641440879636,59265
5G,TIM/Vodafone,inside,5G/location_2_is_interactivity_egaming_ch_tv_tti_0.csv,0.45034578924446395,0.4122651089026478,0.17706722662849014,52991
5G,TIM/Vodafone,inside,5G/location_2_is_interactivity_egaming_ch_tv_tti_1.csv,0.4528420618305009,0.41468900183701557,0.17649942787053602,27592
5G,TIM/Vodafone,inside,5G/location_2_is_interactivity_egaming_ch_tv_tti_2.csv,0.45958505416101847,0.4221227473187551,0.1798315164279209,30425
5G,TIM/Vodafone,inside,5G/location_2_is_interactivity_egaming_ch_tv_tti_3.csv,0.46213863996565535,0.45533318051023797,0.17838922098710605,40648
5G,TIM/Vodafone,inside,5G/location_2_is_interactivity_egaming_ch_tv_tti_4.csv,0.4677399006537832,0.46357839913758997,0.1807172569657813,33293
5G,TIM/Vodafone,inside,5G/location_2_is_interactivity_egaming_ch_tv_tti_lte_only_0.csv,0.46809369420937236,0.4206044332189163,0.17925795433184158,30985
5G,TIM/Vodafone,inside,5G/location_2_is_interactivity_egaming_ch_tv_tti_lte_only_1.csv,0.4824343313036119,0.4320052161173996,0.17779114976326024,23480
5G,TIM/Vodafone,inside,5G/location_2_is_interactivity_egaming_ch_tv_tti_lte_only_2.csv,0.46988203547249097,0.4244013143238787,0.18065069292746236,27535
5G,TIM/Vodafone,inside,5G/location_2_is_interactivity_egaming_it_tv_tti_0.csv,0.4295882170105911,0.4050047802572084,0.17224993712323103,46537
5G,TIM/Vodafone,inside,5G/location_2_is_interactivity_egaming_it_tv_tti_1.csv,0.4256303041817828,0.39625706598814947,0.17308551497133925,43954
5G,TIM/Vodafone,inside,5G/location_2_is_interactivity_egaming_it_tv_tti_2.csv,0.4235162198239529,0.38754050390155964,0.1716495982400682,44204
5G,TIM/Vodafone,inside,5G/location_2_is_interactivity_egaming_it_tv_tti_lte_only_0.csv,0.46461140083754066,0.4301791434187595,0.16698832224551138,38666
5G,TIM/Vodafone,inside,5G/location_2_is_interactivity_egaming_se_tv_tti_0.csv,0.4519455849836649,0.4148405542969644,0.17993501839947415,30153
5G,TIM/Vodafone,inside,5G/location_2_is_interactivity_egaming_se_tv_tti_1.csv,0.4558505652361926,0.41817640343712276,0.18096439837445244,31007
5G,TIM/Vodafone,inside,5G/location_2_is_interactivity_egaming_se_tv_tti_2.csv,0.44953935716058147,0.4137798318219765,0.18044146352659743,29398
5G,TIM/Vodafone,inside,5G/location_2_is_interactivity_egaming_se_tv_tti_lte_only_0.csv,0.47249947698928585,0.429114251850377,0.1779231804219881,25300
5G,TIM/Vodafone,inside,5G/location_2_is_interactivity_egaming_se_tv_tti_lte_only_1.csv,0.46520657986655395,0.4268331670051906,0.17598538504726777,27761
5G,TIM/Vodafone,inside,5G/location_2_is_interactivity_egaming_se_tv_tti_lte_only_2.csv,0.46406829089049006,0.4180247051226,0.17738785935336274,28114
5G,TIM/Vodafone,inside,5G/location_3_is_interactivity_egaming_ch_tv_tti_1.csv,0.2899925911261591,0.2733349382734163,0.09606550860953658,18814
5G,TIM/Vodafone,inside,5G/location_3_is_interactivity_egaming_ch_tv_tti_2.csv,0.28722306387990915,0.2681707738468149,0.09813853603815015,26342
5G,TIM/Vodafone,inside,5G/location_3_is_interactivity_egaming_ch_tv_tti_3.csv,0.28475675484235446,0.2656014454242132,0.0967292115297288,25823
5G,TIM/Vodafone,inside,5G/location_8_is_interactivity_egaming_ch_tv_tti_0.csv,0.36952309626581037,0.3442619036857363,0.1340063207240636,28246
5G,TIM/Vodafone,inside,5G/location_8_is_interactivity_egaming_ch_tv_tti_1.csv,0.3711603317203458,0.34323906631098433,0.13371631164894107,29511
5G,TIM/Vodafone,inside,5G/location_8_is_interactivity_egaming_ch_tv_tti_2.csv,0.390844918547357,0.3740852712564625,0.13127352687461866,20788
5G,TIM/Vodafone,inside,5G/location_8_is_interactivity_egaming_ch_tv_tti_lte_only_0.csv,0.3779489727399091,0.36828424768783674,0.13713961172137018,27935
5G,TIM/Vodafone,inside,5G/location_8_is_interactivity_egaming_ch_tv_tti_lte_only_1.csv,0.38459941586285135,0.3727449030700198,0.13188764990902133,18821
5G,TIM/Vodafone,inside,5G/location_8_is_interactivity_egaming_ch_tv_tti_lte_only_2.csv,0.3830178898708982,0.3727449030700198,0.12957478633464245,22305
5G,TIM/Vodafone,inside,5G/location_8_is_interactivity_egaming_it_tv_tti_0.csv,0.3633615089227585,0.35644680827068087,0.1323998887005337,33621
5G,TIM/Vodafone,inside,5G/location_8_is_interactivity_egaming_it_tv_tti_1.csv,0.3656605198075983,0.35482608247937353,0.12211189859860298,36459
5G,TIM/Vodafone,inside,5G/location_8_is_interactivity_egaming_it_tv_tti_2.csv,0.3655400125151474,0.35526792634030924,0.11887726770856331,33670
5G,TIM/Vodafone,inside,5G/location_8_is_interactivity_egaming_it_tv_tti_lte_only_0.csv,0.3836363833873176,0.3688783471110155,0.1379412666453145,36765
5G,TIM/Vodafone,inside,5G/location_8_is_interactivity_egaming_it_tv_tti_lte_only_1.csv,0.3860039580832899,0.36976987759829527,0.1377338962503331,29842
5G,TIM/Vodafone,inside,5G/location_8_is_interactivity_egaming_it_tv_tti_lte_only_2.csv,0.38487840450890815,0.3670224693560556,0.13890637067844058,36582
5G,TIM/Vodafone,inside,5G/location_8_is_interactivity_egaming_se_tv_tti_0.csv,0.3716750770170108,0.35865966160611845,0.13268122352027123,30303
5G,TIM/Vodafone,inside,5G/location_8_is_interactivity_egaming_se_tv_tti_1.csv,0.37779214321121274,0.36553922137962647,0.13298438461045659,28586
5G,TIM/Vodafone,inside,5G/location_8_is_interactivity_egaming_se_tv_tti_2.csv,0.37111728450634957,0.35925028937771963,0.13447987887150475,35647
5G,TIM/Vodafone,inside,5G/location_8_is_interactivity_egaming_se_tv_tti_lte_only_0.csv,0.3739541935968244,0.36717086569709734,0.13512278116113882,29458
5G,TIM/Vodafone,inside,5G/location_8_is_interactivity_egaming_se_tv_tti_lte_only_1.csv,0.3772841904822843,0.37319158293500093,0.13447285435567022,24811
5G,TIM/Vodafone,inside,5G/location_8_is_interactivity_egaming_se_tv_tti_lte_only_2.csv,0.3700830300766131,0.36013664778488286,0.13395449605780693,25634
5G,TIM/Vodafone,od_fast,5G/location_10_od_interactivity_egaming_ch_tv_tti_0.csv,0.4157822209919435,0.3887407968789108,0.16279026225173754,21067
5G,TIM/Vodafone,od_fast,5G/location_10_od_interactivity_egaming_ch_tv_tti_lte_only_0.csv,0.43039875484171997,0.40833023813706193,0.1631252269830342,14151
5G,TIM/Vodafone,od_fast,5G/location_4_od_interactivity_egaming_ch_tv_tti_0.csv,0.38603044466540126,0.3580692574384595,0.15563203447964732,7815
5G,TIM/Vodafone,od_fast,5G/location_4_od_interactivity_egaming_ch_tv_tti_1.csv,0.391340966396815,0.3617629253158857,0.15478750944766756,7184
5G,TIM/Vodafone,od_fast,5G/location_4_od_interactivity_egaming_ch_tv_tti_2.csv,0.4075535177413232,0.3784854877351076,0.1573797329036468,6984
5G,TIM/Vodafone,od_fast,5G/location_4_od_interactivity_egaming_ch_tv_tti_3.csv,0.3390727521202194,0.31336716769415585,0.13475167701924015,18542
5G,TIM/Vodafone,od_fast,5G/location_4_od_interactivity_egaming_ch_tv_tti_lte_only_0.csv,0.4094814595598083,0.38446780986320306,0.1573440318601907,6704
5G,TIM/Vodafone,od_fast,5G/location_4_od_interactivity_egaming_ch_tv_tti_lte_only_1.csv,0.39600370877783164,0.36813575477974164,0.15699452548267165,8045
5G,TIM/Vodafone,od_fast,5G/location_4_od_interactivity_egaming_ch_tv_tti_lte_only_2.csv,0.4119683521813449,0.3881405679656675,0.1540419618638215,7120
5G,TIM/Vodafone,od_fast,5G/location_4_od_interactivity_egaming_it_tv_tti_0.csv,0.36486987918043706,0.3407582701686032,0.1294341954506699,15175
5G,TIM/Vodafone,od_fast,5G/location_4_od_interactivity_egaming_it_tv_tti_1.csv,0.3633333706856274,0.33930114682059853,0.1364449834514238,14541
5G,TIM/Vodafone,od_fast,5G/location_4_od_interactivity_egaming_it_tv_tti_2.csv,0.36671248766309833,0.34323906631098433,0.13314824672426262,15086
5G,TIM/Vodafone,od_fast,5G/location_4_od_interactivity_egaming_it_tv_tti_lte_only_0.csv,0.35889829736671774,0.33522991177681266,0.13339149657451568,15125
5G,TIM/Vodafone,od_fast,5G/location_4_od_interactivity_egaming_se_tv_tti_0.csv,0.36211165827279135,0.33930114682059853,0.12952405332175568,12458
5G,TIM/Vodafone,od_fast,5G/location_4_od_interactivity_egaming_se_tv_tti_1.csv,0.3635959327375205,0.34032096331506606,0.1295666836317556,12923
5G,TIM/Vodafone,od_fast,5G/location_4_od_interactivity_egaming_se_tv_tti_2.csv,0.37783133792761403,0.35659423279141417,0.13161482895658363,13110
5G,TIM/Vodafone,od_fast,5G/location_4_od_interactivity_egaming_se_tv_tti_lte_only_0.csv,0.3556036373555827,0.3318954852716718,0.13613479846909768,15705
5G,TIM/Vodafone,od_fast,5G/location_7_od_interactivity_egaming_ch_tv_tti_0.csv,0.5370711048646019,0.535786447871947,0.16772592266419384,22953
5G,TIM/Vodafone,od_fast,5G/location_7_od_interactivity_egaming_ch_tv_tti_1.csv,0.5334378777536313,0.5325471909821405,0.1720872711021984,16992
5G,TIM/Vodafone,od_fast,5G/location_7_od_interactivity_egaming_ch_tv_tti_2.csv,0.5475540040622514,0.5464520648897252,0.16993036329323635,16797
5G,TIM/Vodafone,od_fast,5G/location_7_od_interactivity_egaming_ch_tv_tti_lte_only_0.csv,0.5815512689214402,0.5895345716220011,0.16436730792925852,16057
5G,TIM/Vodafone,od_fast,5G/location_7_od_interactivity_egaming_it_tv_tti_0.csv,0.5089409825137758,0.5024729092044109,0.15756563964001746,19794
5G,TIM/Vodafone,od_fast,5G/location_7_od_interactivity_egaming_it_tv_tti_1.csv,0.5146054360915976,0.5077941437883554,0.15727588722297745,18612
5G,TIM/Vodafone,od_fast,5G/location_7_od_interactivity_egaming_it_tv_tti_2.csv,0.5155124079993011,0.507946082444173,0.15521397454738242,15689
5G,TIM/Vodafone,od_fast,5G/location_7_od_interactivity_egaming_it_tv_tti_lte_only_0.csv,0.5776196416041522,0.5832427396090234,0.1652420047410248,21697
5G,TIM/Vodafone,od_fast,5G/location_7_od_interactivity_egaming_se_tv_tti_2.csv,0.5448859677158284,0.5444280097113166,0.16617425516007583,23264
5G,TIM/Vodafone,od_fast,5G/location_7_od_interactivity_egaming_se_tv_tti_lte_only_0.csv,0.5909173532018398,0.5933247617117298,0.15547273771734904,17841
5G,TIM/Vodafone,od_fast,5G/location_9_od_interactivity_egaming_ch_tv_tti_0. sqc.csv,0.4182117805000328,0.3930972732977559,0.1668462999999972,33766
5G,TIM/Vodafone,od_fast,5G/location_9_od_interactivity_egaming_ch_tv_tti_1.csv,0.41790296418532097,0.39099310255160513,0.16908287134719763,27250
5G,TIM/Vodafone,od_fast,5G/location_9_od_interactivity_egaming_ch_tv_tti_2.csv,0.41539161200094454,0.38829060978722824,0.16639344710154277,27959
5G,TIM/Vodafone,od_fast,5G/location_9_od_interactivity_egaming_ch_tv_tti_lte_only_0.csv,0.42371235803049845,0.39354841538081314,0.16590520042543516,26620
5G,TIM/Vodafone,od_fast,5G/location_9_od_interactivity_egaming_it_tv_tti_0.csv,0.44919834153428373,0.4272892915965661,0.17036352405438487,28829
5G,TIM/Vodafone,od_fast,5G/location_9_od_interactivity_egaming_it_tv_tti_1.csv,0.47349401768241317,0.45289081272943993,0.1692864295946602,28965
5G,TIM/Vodafone,od_fast,5G/location_9_od_interactivity_egaming_it_tv_tti_2.csv,0.45826698448134207,0.43474554675361654,0.16695064411308666,32543
5G,TIM/Vodafone,od_fast,5G/location_9_od_interactivity_egaming_it_tv_tti_lte_only_0.csv,0.4217036961183747,0.3920449477367724,0.1713213383511638,29635
5G,TIM/Vodafone,od_fast,5G/location_9_od_interactivity_egaming_se_tv_tti_0.csv,0.42172046971246924,0.3956548803171615,0.17049537373765533,30301
5G,TIM/Vodafone,od_fast,5G/location_9_od_interactivity_egaming_se_tv_tti_1.csv,0.4203888056664586,0.396407635608999,0.16969655339017425,33078
5G,TIM/Vodafone,od_fast,5G/location_9_od_interactivity_egaming_se_tv_tti_2.csv,0.4157145563919409,0.39174437123393235,0.16657250185044953,31577
5G,TIM/Vodafone,od_fast,5G/location_9_od_interactivity_egaming_se_tv_tti_lte_only_0.csv,0.4287669531527044,0.40047644526200776,0.16722713258007585,26419
5G,TIM/Vodafone,od_quasi_static,5G/location_10_od_interactivity_egaming_ch_tv_tti_0.csv,0.520489279115114,0.5424020672008406,0.16944110132228393,2841
5G,TIM/Vodafone,od_quasi_static,5G/location_10_od_interactivity_egaming_ch_tv_tti_lte_only_0.csv,0.5199112285257557,0.53337623573724,0.15668985828979995,3227
5G,TIM/Vodafone,od_quasi_static,5G/location_4_od_interactivity_egaming_ch_tv_tti_0.csv,0.4499318340593295,0.4084058617581563,0.1736422257744935,1470
5G,TIM/Vodafone,od_quasi_static,5G/location_4_od_interactivity_egaming_ch_tv_tti_1.csv,0.4949193807143254,0.47823686171329416,0.17428970314752212,579
5G,TIM/Vodafone,od_quasi_static,5G/location_4_od_interactivity_egaming_ch_tv_tti_2.csv,0.4993016231618983,0.46182228463592895,0.17753503980098304,1078
5G,TIM/Vodafone,od_quasi_static,5G/location_4_od_interactivity_egaming_ch_tv_tti_3.csv,0.42035751223861545,0.41218939951983724,0.1627452152502825,1526
5G,TIM/Vodafone,od_quasi_static,5G/location_4_od_interactivity_egaming_ch_tv_tti_lte_only_0.csv,0.4325774810082065,0.3702901485751827,0.18077791886644712,1408
5G,TIM/Vodafone,od_quasi_static,5G/location_4_od_interactivity_egaming_ch_tv_tti_lte_only_1.csv,0.5082364535895033,0.5064264464703607,0.16530696653013266,1281
5G,TIM/Vodafone,od_quasi_static,5G/location_4_od_interactivity_egaming_ch_tv_tti_lte_only_2.csv,0.4586538098179171,0.4085571894756883,0.1774077212037392,1020
5G,TIM/Vodafone,od_quasi_static,5G/location_4_od_interactivity_egaming_it_tv_tti_0.csv,0.40340591282481136,0.3846175937592936,0.15148958164879092,4310
5G,TIM/Vodafone,od_quasi_static,5G/location_4_od_interactivity_egaming_it_tv_tti_1.csv,0.42534412587832837,0.41908672701920585,0.1508167316346502,2947
5G,TIM/Vodafone,od_quasi_static,5G/location_4_od_interactivity_egaming_it_tv_tti_2.csv,0.4146573611136216,0.39972247114954645,0.15916276908227142,4131
5G,TIM/Vodafone,od_quasi_static,5G/location_4_od_interactivity_egaming_it_tv_tti_lte_only_0.csv,0.42364449741091376,0.42485718045668575,0.14932475988020627,2439
5G,TIM/Vodafone,od_quasi_static,5G/location_4_od_interactivity_egaming_se_tv_tti_0.csv,0.4097605316639979,0.4020604983247189,0.14670098153785946,3546
5G,TIM/Vodafone,od_quasi_static,5G/location_4_od_interactivity_egaming_se_tv_tti_1.csv,0.4059292083585157,0.39701000632216377,0.1471183887941495,4190
5G,TIM/Vodafone,od_quasi_static,5G/location_4_od_interactivity_egaming_se_tv_tti_2.csv,0.43687362403974445,0.4294184821375985,0.13902311569959172,2573
5G,TIM/Vodafone,od_quasi_static,5G/location_4_od_interactivity_egaming_se_tv_tti_lte_only_0.csv,0.4366497646077265,0.43550699828833306,0.15323017266359626,1330
5G,TIM/Vodafone,od_quasi_static,5G/location_7_od_interactivity_egaming_ch_tv_tti_0.csv,0.5030217663850249,0.4883068654396868,0.15955772979553962,18985
5G,TIM/Vodafone,od_quasi_static,5G/location_7_od_interactivity_egaming_ch_tv_tti_1.csv,0.4655119008633456,0.4467870563004508,0.16172182982237823,11925
5G,TIM/Vodafone,od_quasi_static,5G/location_7_od_interactivity_egaming_ch_tv_tti_2.csv,0.5014925529594382,0.4924229846514712,0.15983988584191408,15454
5G,TIM/Vodafone,od_quasi_static,5G/location_7_od_interactivity_egaming_ch_tv_tti_lte_only_0.csv,0.5027357925929238,0.4963080621741893,0.15200682339499183,21110
5G,TIM/Vodafone,od_quasi_static,5G/location_7_od_interactivity_egaming_it_tv_tti_0.csv,0.4436826458332644,0.43109209540734666,0.14012574515525847,25313
5G,TIM/Vodafone,od_quasi_static,5G/location_7_od_interactivity_egaming_it_tv_tti_1.csv,0.45921105583816246,0.4452617127678881,0.1474659666036428,21631
5G,TIM/Vodafone,od_quasi_static,5G/location_7_od_interactivity_egaming_it_tv_tti_2.csv,0.4616374713501991,0.4460243509149138,0.14333858334425648,14794
5G,TIM/Vodafone,od_quasi_static,5G/location_7_od_interactivity_egaming_it_tv_tti_lte_only_0.csv,0.5032478488640845,0.5003426897891968,0.15094783507518858,20228
5G,TIM/Vodafone,od_quasi_static,5G/location_7_od_interactivity_egaming_se_tv_tti_2.csv,0.4853111042862625,0.4666325996681406,0.15733974412911578,17247
5G,TIM/Vodafone,od_quasi_static,5G/location_7_od_interactivity_egaming_se_tv_tti_lte_only_0.csv,0.5354363536534863,0.531114579379678,0.14783809503380452,24741
5G,TIM/Vodafone,od_quasi_static,5G/location_9_od_interactivity_egaming_ch_tv_tti_0. sqc.csv,0.4679777620259266,0.47228266105621225,0.16447006884647916,4025
5G,TIM/Vodafone,od_quasi_static,5G/location_9_od_interactivity_egaming_ch_tv_tti_1.csv,0.4908259459407662,0.49592728415015197,0.18691114013202895,2853
5G,TIM/Vodafone,od_quasi_static,5G/location_9_od_interactivity_egaming_ch_tv_tti_2.csv,0.419093727533018,0.39896871738481193,0.16073532417522302,3023
5G,TIM/Vodafone,od_quasi_static,5G/location_9_od_interactivity_egaming_ch_tv_tti_lte_only_0.csv,0.46683003159368563,0.442821753889171,0.1826378233583922,4256
5G,TIM/Vodafone,od_quasi_static,5G/location_9_od_interactivity_egaming_it_tv_tti_0.csv,0.4601625095438083,0.45365400801403494,0.16317962811968575,3627
5G,TIM/Vodafone,od_quasi_static,5G/location_9_od_interactivity_egaming_it_tv_tti_1.csv,0.4940441387006052,0.49059389375341805,0.16603336645263436,16268
5G,TIM/Vodafone,od_quasi_static,5G/location_9_od_interactivity_egaming_it_tv_tti_2.csv,0.47517436099377564,0.47274073754412205,0.1692265637196689,8445
5G,TIM/Vodafone,od_quasi_static,5G/location_9_od_interactivity_egaming_it_tv_tti_lte_only_0.csv,0.4691340834539395,0.4577759166049764,0.17990521228604167,9804
5G,TIM/Vodafone,od_quasi_static,5G/location_9_od_interactivity_egaming_se_tv_tti_0.csv,0.47233912290843433,0.47823686171329416,0.17287893802383325,5158
5G,TIM/Vodafone,od_quasi_static,5G/location_9_od_interactivity_egaming_se_tv_tti_1.csv,0.4874520891176663,0.4803737206245647,0.19195530021213889,4202
5G,TIM/Vodafone,od_quasi_static,5G/location_9_od_interactivity_egaming_se_tv_tti_2.csv,0.4115623226855906,0.3851419206023476,0.1633212060808042,7111
5G,TIM/Vodafone,od_quasi_static,5G/location_9_od_interactivity_egaming_se_tv_tti_lte_only_0.csv,0.44524653526148483,0.4257690611015943,0.1692297852110972,4632
5G,TIM/Vodafone,od_slow,5G/location_10_od_interactivity_egaming_ch_tv_tti_0.csv,0.5138666275901577,0.5392455509747882,0.18014587985320402,86
5G,TIM/Vodafone,od_slow,5G/location_10_od_interactivity_egaming_ch_tv_tti_lte_only_0.csv,0.49540694539521746,0.49386986820770795,0.16475217929234717,122
5G,TIM/Vodafone,od_slow,5G/location_4_od_interactivity_egaming_ch_tv_tti_0.csv,0.42442052588123347,0.3475571175385978,0.18744027382777387,78
5G,TIM/Vodafone,od_slow,5G/location_4_od_interactivity_egaming_ch_tv_tti_1.csv,0.4359008276537987,0.3819979433273158,0.16731182252762666,429
5G,TIM/Vodafone,od_slow,5G/location_4_od_interactivity_egaming_ch_tv_tti_2.csv,0.46124530872858377,0.3945268131038333,0.18407495176659777,70
5G,TIM/Vodafone,od_slow,5G/location_4_od_interactivity_egaming_ch_tv_tti_3.csv,0.36870890721565075,0.345139233694754,0.13580707739780162,847
5G,TIM/Vodafone,od_slow,5G/location_4_od_interactivity_egaming_ch_tv_tti_lte_only_0.csv,0.4011709107652516,0.3482142840959967,0.1744905450097734,201
5G,TIM/Vodafone,od_slow,5G/location_4_od_interactivity_egaming_ch_tv_tti_lte_only_1.csv,0.4512806755544728,0.40666703059429876,0.17623219203405516,161
5G,TIM/Vodafone,od_slow,5G/location_4_od_interactivity_egaming_ch_tv_tti_lte_only_2.csv,0.3757709955938672,0.3444080862208873,0.14672491611083371,936
5G,TIM/Vodafone,od_slow,5G/location_4_od_interactivity_egaming_it_tv_tti_0.csv,0.32906762398000156,0.301190081902105,0.12173423815152981,1085
5G,TIM/Vodafone,od_slow,5G/location_4_od_interactivity_egaming_it_tv_tti_1.csv,0.4359988353396604,0.4301791434187595,0.13791668669175994,287
5G,TIM/Vodafone,od_slow,5G/location_4_od_interactivity_egaming_it_tv_tti_2.csv,0.3685999876316582,0.34396958571237757,0.13941965595389544,523
5G,TIM/Vodafone,od_slow,5G/location_4_od_interactivity_egaming_it_tv_tti_lte_only_0.csv,0.36183705804383626,0.33631915144875624,0.14043097630436613,548
5G,TIM/Vodafone,od_slow,5G/location_4_od_interactivity_egaming_se_tv_tti_0.csv,0.3541200628636366,0.3308101230237942,0.12711171119601802,350
5G,TIM/Vodafone,od_slow,5G/location_4_od_interactivity_egaming_se_tv_tti_1.csv,0.3460021465704432,0.3243185483276289,0.13255435504517987,602
5G,TIM/Vodafone,od_slow,5G/location_4_od_interactivity_egaming_se_tv_tti_2.csv,0.37136502587853026,0.34587077867503324,0.12364830578434487,986
5G,TIM/Vodafone,od_slow,5G/location_4_od_interactivity_egaming_se_tv_tti_lte_only_0.csv,0.3311589855679164,0.2973978453312149,0.1364428326687001,324
5G,TIM/Vodafone,od_slow,5G/location_7_od_interactivity_egaming_ch_tv_tti_0.csv,0.5287974085896423,0.52053549848743,0.16245055548494688,4031
5G,TIM/Vodafone,od_slow,5G/location_7_od_interactivity_egaming_ch_tv_tti_1.csv,0.4741169470696239,0.4574705573262648,0.16600843671830176,2381
5G,TIM/Vodafone,od_slow,5G/location_7_od_interactivity_egaming_ch_tv_tti_2.csv,0.5271396243581249,0.5184909275684431,0.16834288518718643,2838
5G,TIM/Vodafone,od_slow,5G/location_7_od_interactivity_egaming_ch_tv_tti_lte_only_0.csv,0.539487442551896,0.5350335029555973,0.14838671729518205,1672
5G,TIM/Vodafone,od_slow,5G/location_7_od_interactivity_egaming_it_tv_tti_0.csv,0.4526706148229008,0.43862998315938073,0.14756849975945122,2006
5G,TIM/Vodafone,od_slow,5G/location_7_od_interactivity_egaming_it_tv_tti_1.csv,0.4987446698577366,0.48876432112934876,0.15586786164128894,1444
5G,TIM/Vodafone,od_slow,5G/location_7_od_interactivity_egaming_it_tv_tti_2.csv,0.45699894792276136,0.4438128950646098,0.14293245780793173,1412
5G,TIM/Vodafone,od_slow,5G/location_7_od_interactivity_egaming_it_tv_tti_lte_only_0.csv,0.5229999394102727,0.5199298380988471,0.14943143859128724,2193
5G,TIM/Vodafone,od_slow,5G/location_7_od_interactivity_egaming_se_tv_tti_2.csv,0.4980635990791571,0.49196575844468793,0.1687545995381322,3397
5G,TIM/Vodafone,od_slow,5G/location_7_od_interactivity_egaming_se_tv_tti_lte_only_0.csv,0.5412821630926457,0.5380438699011432,0.15234969471178225,3775
5G,TIM/Vodafone,od_slow,5G/location_9_od_interactivity_egaming_ch_tv_tti_0. sqc.csv,0.48453074067492347,0.4846462415484838,0.18926839941608462,2194
5G,TIM/Vodafone,od_slow,5G/location_9_od_interactivity_egaming_ch_tv_tti_1.csv,0.4979153964456638,0.49950556725882667,0.20736986256043716,2372
5G,TIM/Vodafone,od_slow,5G/location_9_od_interactivity_egaming_ch_tv_tti_2.csv,0.4213145702437405,0.38799053644718473,0.17473698250430297,2347
5G,TIM/Vodafone,od_slow,5G/location_9_od_interactivity_egaming_ch_tv_tti_lte_only_0.csv,0.4591874309164262,0.4274413435394476,0.1831507545783444,2433
5G,TIM/Vodafone,od_slow,5G/location_9_od_interactivity_egaming_it_tv_tti_0.csv,0.47824480311486334,0.46953406223849364,0.17406230926190697,4394
5G,TIM/Vodafone,od_slow,5G/location_9_od_interactivity_egaming_it_tv_tti_1.csv,0.5085925893906097,0.5161419019565162,0.15463355916366933,1115
5G,TIM/Vodafone,od_slow,5G/location_9_od_interactivity_egaming_it_tv_tti_2.csv,0.4728035569497307,0.4596845062873962,0.16511325641045105,1978
5G,TIM/Vodafone,od_slow,5G/location_9_od_interactivity_egaming_it_tv_tti_lte_only_0.csv,0.481987805137737,0.4714428325775718,0.1892024351764499,2636
5G,TIM/Vodafone,od_slow,5G/location_9_od_interactivity_egaming_se_tv_tti_0.csv,0.4649777101895766,0.4614405272784144,0.17884105752502885,2419
5G,TIM/Vodafone,od_slow,5G/location_9_od_interactivity_egaming_se_tv_tti_1.csv,0.4506816052379367,0.43832523436696574,0.18125887773271362,2366
5G,TIM/Vodafone,od_slow,5G/location_9_od_interactivity_egaming_se_tv_tti_2.csv,0.4551608156333967,0.4449566769088827,0.17844121045548145,2243
5G,TIM/Vodafone,od_slow,5G/location_9_od_interactivity_egaming_se_tv_tti_lte_only_0.csv,0.46304925764276494,0.4432791866153167,0.18490278635852983,2120
5G,TIM/Vodafone,outside_walking,5G/location_4_ow_interactivity_egaming_ch_tv_tti_00.csv,0.4278812627943297,0.4024377916458772,0.15702077412445112,56563
5G,TIM/Vodafone,outside_walking,5G/location_4_ow_interactivity_egaming_ch_tv_tti_5gggg.csv,0.4023238043310886,0.36976987759829527,0.15742863120302797,57144
